ID,NOME_FICTICIO,MCA_STATUS,IDADE,COR,GÊNERO,LOCAL,EDU_TÍTULO,GRAD_IES_CA,GRAD_STEM,PÓS,PUBLIC,LÍNG_EST,MOB_REG,MOB_INTER,QT_CARGOS_MOD,SET_PÚB,SET_PRIV,SET_TERC,P1_STEM,DP_STEM,STEM,STUP_NEXUS,STUP_FIN_FAPESP,STUP_FIN_ANJO,STUP_FIN_COLETIVO,STUP_FIN_CLIENTES,STUP_SÓCIO,STUP_SÓCIO_GEN,STUP_PORTE,STUP_SITUACAO,STUP_CNAE
ID00316,Ademar,Ativo,15-30 anos,PPI,Masculino,Fora da MRVP,Mestre(a),IES privada,Graduação STEM,Pós STEM,Não publicou,2+ LE,Sem regionalização,Sem internacionalização,10+ cargos,Com experiência pública,Sim,Com experiência TS,Sem P1 STEM,Com DP STEM,Transição STEM,Lab,Com FAP,,,,Não,Sem sócio,ME,Ativa,Indústria de transformação (10-33)
ID00052,Adhemar,Ativo,31-45 anos,Branca,Masculino,Em MRVP,Graduado(a),IES privada,Graduação STEM,Sem pós,Não publicou,1 LE,Sem regionalização,Sem internacionalização,04-06 cargos,Com experiência pública,Sim,Sem experiência TS,Com P1 STEM,Com DP STEM,Sempre foi STEM,Growth,Sem FAP,,,,Sim,Similar,ME,Ativa,Informação e comunicação (58-63)
ID00228,Adoniran,Ativo,46+ anos,PPI,Masculino,Em MRVP,Doutor(a),IES privada,Graduação não-STEM,Pós não-STEM,Publicou,1 LE,Com regionalização,Com internacionalização,10+ cargos,Com experiência pública,Sim,Sem experiência TS,Com P1 STEM,Com DP STEM,Sempre foi STEM,Lab,Sem FAP,Sem anjo,Sem fundos,,Não,Sem sócio,MEI,Ativa,Atividades administrativas e serviços complementares
ID00047,Aécio,Ativo,31-45 anos,PPI,Masculino,Em MRVP,Graduado(a),IES pública,Graduação STEM,Sem pós,Não publicou,1 LE,Com regionalização,Sem internacionalização,04-06 cargos,Sem experiência pública,Sim,Sem experiência TS,Sem P1 STEM,Com DP STEM,Transição STEM,Growth,Sem FAP,,,,Sim,Similar,ME,Ativa,"Atividades profissionais, científicas e técnicas (69-75)"
ID00029,Airton,Ativo,15-30 anos,Branca,Masculino,Fora da MRVP,Graduado(a),IES pública,Graduação STEM,Sem pós,Publicou,1 LE,Com regionalização,Sem internacionalização,10+ cargos,Sem experiência pública,Sim,Sem experiência TS,Com P1 STEM,Com DP STEM,Sempre foi STEM,Growth,Com FAP,Sem anjo,Sem fundos,Com clientes,Não,Sem sócio,ME,Ativa,"Atividades profissionais, científicas e técnicas (69-75)"
ID00106,Alan,Ativo,46+ anos,Branca,Masculino,Fora da MRVP,Doutor(a),IES privada,Graduação STEM,Pós não-STEM,Publicou,2+ LE,Sem regionalização,Com internacionalização,10+ cargos,Com experiência pública,Sim,Com experiência TS,Com P1 STEM,Sem DP STEM,Transição STEM,Lab,Sem FAP,,,,Não,Sem sócio,EPP,Ativa,Educação (85)
ID00046,Aldo,Ativo,31-45 anos,PPI,Masculino,Em MRVP,Mestre(a),IES pública,Graduação STEM,Pós STEM,Publicou,1 LE,Com regionalização,Sem internacionalização,10+ cargos,Com experiência pública,Sim,Com experiência TS,Com P1 STEM,Com DP STEM,Sempre foi STEM,Growth,Com FAP,,,,Não,Sem sócio,ME,Ativa,"Atividades profissionais, científicas e técnicas (69-75)"
ID00090,Alesson,Ativo,31-45 anos,Branca,Masculino,Fora da MRVP,Graduado(a),IES pública,Graduação STEM,Sem pós,Não publicou,2+ LE,Sem regionalização,Sem internacionalização,04-06 cargos,Sem experiência pública,Sim,Sem experiência TS,Com P1 STEM,Com DP STEM,Sempre foi STEM,Lab,Sem FAP,,,,Não,Sem sócio,EPP,Ativa,Atividades administrativas e serviços complementares
ID00299,Alfredo,Ativo,31-45 anos,Branca,Masculino,Fora da MRVP,Graduado(a),IES privada,Graduação STEM,Sem pós,Não publicou,1 LE,Sem regionalização,Sem internacionalização,10+ cargos,Sem experiência pública,Sim,Sem experiência TS,Com P1 STEM,Com DP STEM,Sempre foi STEM,Growth,Sem FAP,,,,Sim,Similar,EPP,Ativa,Informação e comunicação (58-63)
ID00036,Álvaro,Ativo,31-45 anos,PPI,Masculino,Fora da MRVP,Doutor(a),IES pública,Graduação STEM,Pós STEM,Publicou,2+ LE,Com regionalização,Com internacionalização,10+ cargos,Com experiência pública,Sim,Sem experiência TS,Com P1 STEM,Com DP STEM,Sempre foi STEM,Lab,Sem FAP,,,,Não,Sem sócio,MEI,Inativa,Informação e comunicação (58-63)
ID00229,Amanda,Ativo,31-45 anos,PPI,Feminino,Fora da MRVP,Graduado(a),IES privada,Graduação não-STEM,Sem pós,Não publicou,Sem LE,Com regionalização,Sem internacionalização,10+ cargos,Sem experiência pública,Sim,Sem experiência TS,Sem P1 STEM,Sem DP STEM,Nunca foi STEM,Growth,Sem FAP,Sem anjo,Sem fundos,Sem clientes,Sim,Diverso,MEI,Ativa,Atividades administrativas e serviços complementares
ID00027,Aparecido,Ativo,31-45 anos,Branca,Masculino,Fora da MRVP,Mestre(a),IES pública,Graduação STEM,Pós não-STEM,Publicou,1 LE,Sem regionalização,Sem internacionalização,10+ cargos,Com experiência pública,Sim,Com experiência TS,Sem P1 STEM,Sem DP STEM,Nunca foi STEM,Lab,Sem FAP,,,,Não,Sem sócio,ME,Ativa,Educação (85)
ID00009,Arlindo,Ativo,15-30 anos,PPI,Masculino,Em MRVP,Graduado(a),IES privada,Graduação não-STEM,Sem pós,Não publicou,Sem LE,Sem regionalização,Sem internacionalização,01-03 cargos,Sem experiência pública,Sim,Sem experiência TS,Sem P1 STEM,Sem DP STEM,Nunca foi STEM,Growth,Com FAP,,,,Não,Sem sócio,ME,Inativa,"Atividades profissionais, científicas e técnicas (69-75)"
ID00008,Armando,Ativo,46+ anos,Branca,Masculino,Em MRVP,Mestre(a),IES pública,Graduação STEM,Pós STEM,Não publicou,Sem LE,Com regionalização,Sem internacionalização,10+ cargos,Sem experiência pública,Sim,Sem experiência TS,Com P1 STEM,Com DP STEM,Sempre foi STEM,Growth,Com FAP,,,,Não,Sem sócio,ME,Ativa,Informação e comunicação (58-63)
ID00282,Assis,Ativo,46+ anos,Branca,Masculino,Fora da MRVP,Graduado(a),IES privada,Graduação não-STEM,Sem pós,Publicou,2+ LE,Sem regionalização,Sem internacionalização,04-06 cargos,Sem experiência pública,Sim,Sem experiência TS,Sem P1 STEM,Sem DP STEM,Nunca foi STEM,Growth,Sem FAP,,,,Não,Sem sócio,SE,Ativa,"Outros (finanças, saúde, construção, artes, agricultura)"
ID00337,Augusto,Ativo,31-45 anos,PPI,Masculino,Em MRVP,Mestre(a),IES privada,Graduação STEM,Pós STEM,Não publicou,Sem LE,Com regionalização,Com internacionalização,10+ cargos,Sem experiência pública,Sim,Sem experiência TS,Com P1 STEM,Com DP STEM,Sempre foi STEM,Lab,Sem FAP,Sem anjo,Sem fundos,Com clientes,Não,,,Ativa,"Outros (finanças, saúde, construção, artes, agricultura)"
ID00287,Bárbara,Ativo,15-30 anos,Branca,Feminino,Fora da MRVP,Doutor(a),IES privada,Graduação STEM,Pós STEM,Publicou,2+ LE,Com regionalização,Sem internacionalização,01-03 cargos,Com experiência pública,Sim,Sem experiência TS,Com P1 STEM,Com DP STEM,Sempre foi STEM,Growth,Com FAP,Sem anjo,Sem fundos,Sem clientes,Sim,Diverso,ME,Ativa,"Outros (finanças, saúde, construção, artes, agricultura)"
ID00101,Beatriz,Ativo,46+ anos,Branca,Feminino,Fora da MRVP,Graduado(a),IES privada,Graduação não-STEM,Sem pós,Não publicou,2+ LE,Sem regionalização,Sem internacionalização,07-09 cargos,Sem experiência pública,Sim,Sem experiência TS,Sem P1 STEM,Sem DP STEM,Nunca foi STEM,Growth,Sem FAP,,,,Não,Sem sócio,ME,Ativa,Educação (85)
ID00202,Beltrão,Ativo,46+ anos,Branca,Feminino,Fora da MRVP,Graduado(a),IES pública,Graduação STEM,Sem pós,Não publicou,2+ LE,Sem regionalização,Com internacionalização,07-09 cargos,Sem experiência pública,Sim,Sem experiência TS,Sem P1 STEM,Sem DP STEM,Nunca foi STEM,Lab,Sem FAP,,,,Não,Sem sócio,SE,Ativa,Informação e comunicação (58-63)
ID00088,Bento,Ativo,31-45 anos,Branca,Masculino,Fora da MRVP,Mestre(a),IES pública,Graduação STEM,Pós não-STEM,Publicou,2+ LE,Sem regionalização,Com internacionalização,10+ cargos,Sem experiência pública,Sim,Com experiência TS,Sem P1 STEM,Sem DP STEM,Nunca foi STEM,Growth,Sem FAP,,,,Sim,Similar,ME,Ativa,Informação e comunicação (58-63)
ID00091,Bernardo,Ativo,31-45 anos,Branca,Masculino,Fora da MRVP,Graduado(a),IES privada,Graduação não-STEM,Sem pós,Não publicou,Sem LE,Sem regionalização,Sem internacionalização,01-03 cargos,Sem experiência pública,Sim,Sem experiência TS,Com P1 STEM,Sem DP STEM,Transição STEM,Growth,Sem FAP,,,,Sim,Similar,EPP,Ativa,Informação e comunicação (58-63)
ID00364,Bianca,Ativo,31-45 anos,Branca,Feminino,Em MRVP,Graduado(a),IES pública,Graduação não-STEM,Sem pós,Não publicou,1 LE,Com regionalização,Com internacionalização,10+ cargos,Sem experiência pública,Sim,Sem experiência TS,Sem P1 STEM,Sem DP STEM,Nunca foi STEM,Growth,Sem FAP,,,,Sim,Similar,EPP,Ativa,Informação e comunicação (58-63)
ID00331,Brenda,Ativo,31-45 anos,Branca,Feminino,Em MRVP,Graduado(a),IES privada,Graduação STEM,Sem pós,Não publicou,Sem LE,Sem regionalização,Sem internacionalização,01-03 cargos,Sem experiência pública,Sim,Sem experiência TS,Com P1 STEM,Com DP STEM,Sempre foi STEM,Growth,Sem FAP,,,,Sim,Diverso,ME,Ativa,"Outros (finanças, saúde, construção, artes, agricultura)"
ID00336,Breno,Ativo,31-45 anos,Branca,Masculino,Fora da MRVP,Graduado(a),IES pública,Graduação STEM,Sem pós,Não publicou,Sem LE,Com regionalização,Sem internacionalização,07-09 cargos,Sem experiência pública,Sim,Sem experiência TS,Com P1 STEM,Com DP STEM,Sempre foi STEM,Lab,Sem FAP,,,,Não,Sem sócio,MEI,Ativa,"Comércio, reparação de veículos automotores e motocicletas (45-47)"
ID00303,Caetano,Ativo,31-45 anos,PPI,Masculino,Em MRVP,Mestre(a),IES privada,Graduação não-STEM,Pós não-STEM,Publicou,1 LE,Com regionalização,Com internacionalização,10+ cargos,Com experiência pública,Sim,Sem experiência TS,Sem P1 STEM,Sem DP STEM,Nunca foi STEM,Growth,Sem FAP,Sem anjo,Sem fundos,Com clientes,Sim,Similar,SE,Ativa,"Outros (finanças, saúde, construção, artes, agricultura)"
ID00292,Caio,Ativo,46+ anos,Branca,Masculino,Fora da MRVP,Mestre(a),IES pública,Graduação não-STEM,Pós STEM,Não publicou,1 LE,Com regionalização,Com internacionalização,01-03 cargos,Sem experiência pública,Sim,Sem experiência TS,Sem P1 STEM,Sem DP STEM,Nunca foi STEM,Growth,Sem FAP,,,,Não,Sem sócio,SE,Ativa,Atividades administrativas e serviços complementares
ID00095,Candido,Ativo,15-30 anos,PPI,Masculino,Fora da MRVP,Graduado(a),IES privada,Graduação STEM,Sem pós,Não publicou,1 LE,Sem regionalização,Com internacionalização,04-06 cargos,Sem experiência pública,Sim,Sem experiência TS,Sem P1 STEM,Sem DP STEM,Nunca foi STEM,Lab,Sem FAP,,,,Sim,Similar,SE,Ativa,"Atividades profissionais, científicas e técnicas (69-75)"
ID00086,Carolina,Ativo,31-45 anos,Branca,Feminino,Em MRVP,Graduado(a),IES pública,Graduação não-STEM,Sem pós,Não publicou,2+ LE,Com regionalização,Com internacionalização,07-09 cargos,Sem experiência pública,Sim,Sem experiência TS,Sem P1 STEM,Sem DP STEM,Nunca foi STEM,Growth,Sem FAP,Sem anjo,Com fundos,Com clientes,Sim,Diverso,EPP,Ativa,Informação e comunicação (58-63)
ID00182,Cássia,Ativo,15-30 anos,Branca,Feminino,Fora da MRVP,Graduado(a),IES privada,Graduação não-STEM,Sem pós,Não publicou,2+ LE,Com regionalização,Com internacionalização,07-09 cargos,Sem experiência pública,Sim,Sem experiência TS,Sem P1 STEM,Sem DP STEM,Nunca foi STEM,Growth,Sem FAP,,,,Sim,Diverso,SE,Ativa,"Atividades profissionais, científicas e técnicas (69-75)"
ID00220,Cauã,Ativo,46+ anos,Branca,Masculino,Fora da MRVP,Mestre(a),IES privada,Graduação STEM,Pós STEM,Publicou,2+ LE,Sem regionalização,Sem internacionalização,07-09 cargos,Sem experiência pública,Sim,Sem experiência TS,Sem P1 STEM,Sem DP STEM,Nunca foi STEM,Lab,Sem FAP,,,,Não,Sem sócio,MEI,Ativa,"Outros (finanças, saúde, construção, artes, agricultura)"
ID00023,Cecília,Ativo,46+ anos,Branca,Feminino,Em MRVP,Graduado(a),IES privada,Graduação não-STEM,Sem pós,Não publicou,1 LE,Com regionalização,Sem internacionalização,07-09 cargos,Com experiência pública,Sim,Sem experiência TS,Sem P1 STEM,Sem DP STEM,Nunca foi STEM,Lab,Sem FAP,,,,Não,Sem sócio,ME,Inativa,Atividades administrativas e serviços complementares
ID00001,Cícero,Ativo,31-45 anos,PPI,Masculino,Em MRVP,Graduado(a),IES pública,Graduação não-STEM,Sem pós,Não publicou,2+ LE,Sem regionalização,Sem internacionalização,10+ cargos,Sem experiência pública,Sim,Com experiência TS,Sem P1 STEM,Com DP STEM,Transição STEM,Growth,Sem FAP,,,,Sim,Diverso,ME,Ativa,Informação e comunicação (58-63)
ID00102,Clara,Ativo,46+ anos,Branca,Feminino,Fora da MRVP,Mestre(a),IES privada,Graduação não-STEM,Pós não-STEM,Não publicou,2+ LE,Sem regionalização,Sem internacionalização,01-03 cargos,Com experiência pública,Sim,Com experiência TS,Sem P1 STEM,Sem DP STEM,Nunca foi STEM,Lab,Sem FAP,,,,Sim,Diverso,SE,Ativa,Informação e comunicação (58-63)
ID00321,Cristian,Ativo,46+ anos,Branca,Masculino,Em MRVP,Graduado(a),IES privada,Graduação não-STEM,Sem pós,Não publicou,2+ LE,Sem regionalização,Sem internacionalização,10+ cargos,Sem experiência pública,Sim,Sem experiência TS,Sem P1 STEM,Sem DP STEM,Nunca foi STEM,Lab,Sem FAP,,,,Não,Sem sócio,MEI,Ativa,Atividades administrativas e serviços complementares
ID00114,Cristiane,Ativo,31-45 anos,Branca,Feminino,Fora da MRVP,Mestre(a),IES pública,Graduação não-STEM,Pós STEM,Publicou,1 LE,Sem regionalização,Sem internacionalização,07-09 cargos,Sem experiência pública,Sim,Sem experiência TS,Sem P1 STEM,Com DP STEM,Transição STEM,Growth,Sem FAP,,,,Sim,Similar,ME,Inativa,Informação e comunicação (58-63)
ID00033,Daiane,Ativo,15-30 anos,Branca,Feminino,Em MRVP,Doutor(a),IES privada,Graduação STEM,Pós STEM,Publicou,2+ LE,Sem regionalização,Com internacionalização,10+ cargos,Com experiência pública,Sim,Sem experiência TS,Com P1 STEM,Com DP STEM,Sempre foi STEM,Growth,Com FAP,,,,Não,Sem sócio,ME,Ativa,"Atividades profissionais, científicas e técnicas (69-75)"
ID00148,Darlan,Ativo,46+ anos,Branca,Masculino,Fora da MRVP,Graduado(a),IES privada,Graduação não-STEM,Sem pós,Não publicou,Sem LE,Sem regionalização,Sem internacionalização,01-03 cargos,Com experiência pública,Sim,Sem experiência TS,Sem P1 STEM,Sem DP STEM,Nunca foi STEM,Lab,Sem FAP,,,,Sim,Similar,ME,Ativa,Educação (85)
ID00040,Denis,Ativo,31-45 anos,Branca,Masculino,Fora da MRVP,Doutor(a),IES pública,Graduação STEM,Pós STEM,Publicou,2+ LE,Com regionalização,Com internacionalização,10+ cargos,Com experiência pública,Sim,Sem experiência TS,Com P1 STEM,Com DP STEM,Sempre foi STEM,Growth,Sem FAP,Sem anjo,Com fundos,Com clientes,Sim,Diverso,ME,Ativa,"Atividades profissionais, científicas e técnicas (69-75)"
ID00068,Dimas,Ativo,31-45 anos,Branca,Masculino,Fora da MRVP,Doutor(a),IES pública,Graduação STEM,Pós STEM,Publicou,1 LE,Sem regionalização,Com internacionalização,07-09 cargos,Com experiência pública,Sim,Sem experiência TS,Com P1 STEM,Com DP STEM,Sempre foi STEM,Lab,Com FAP,,,,Sim,Similar,ME,Ativa,"Outros (finanças, saúde, construção, artes, agricultura)"
ID00065,Dirceu,Ativo,46+ anos,Branca,Masculino,Fora da MRVP,Graduado(a),IES privada,Graduação não-STEM,Sem pós,Não publicou,2+ LE,Sem regionalização,Sem internacionalização,10+ cargos,Sem experiência pública,Sim,Com experiência TS,Sem P1 STEM,Com DP STEM,Transição STEM,Growth,Sem FAP,,,,Não,Sem sócio,SE,Ativa,Atividades administrativas e serviços complementares
ID00049,Donato,Ativo,31-45 anos,Branca,Masculino,Em MRVP,Graduado(a),IES privada,Graduação STEM,Sem pós,Não publicou,1 LE,Sem regionalização,Sem internacionalização,04-06 cargos,Sem experiência pública,Sim,Sem experiência TS,Com P1 STEM,Com DP STEM,Sempre foi STEM,Growth,Sem FAP,,,,Não,Sem sócio,MEI,Ativa,Indústria de transformação (10-33)
ID00341,Douglas,Ativo,15-30 anos,Branca,Masculino,Fora da MRVP,Graduado(a),IES privada,Graduação STEM,Sem pós,Não publicou,1 LE,Sem regionalização,Sem internacionalização,04-06 cargos,Com experiência pública,Sim,Sem experiência TS,Sem P1 STEM,Com DP STEM,Transição STEM,Lab,Sem FAP,,,,Não,Sem sócio,MEI,Inativa,"Comércio, reparação de veículos automotores e motocicletas (45-47)"
ID00149,Eder,Ativo,31-45 anos,Branca,Masculino,Em MRVP,Graduado(a),IES privada,Graduação STEM,Sem pós,Não publicou,1 LE,Sem regionalização,Com internacionalização,07-09 cargos,Sem experiência pública,Sim,Sem experiência TS,Com P1 STEM,Com DP STEM,Sempre foi STEM,Lab,Sem FAP,,,,Não,Sem sócio,ME,Inativa,"Atividades profissionais, científicas e técnicas (69-75)"
ID00324,Edir,Ativo,31-45 anos,Branca,Masculino,Em MRVP,Graduado(a),IES privada,Graduação STEM,Sem pós,Não publicou,2+ LE,Sem regionalização,Sem internacionalização,04-06 cargos,Sem experiência pública,Sim,Sem experiência TS,Com P1 STEM,Com DP STEM,Sempre foi STEM,Growth,Sem FAP,,,,Não,Sem sócio,ME,Ativa,"Atividades profissionais, científicas e técnicas (69-75)"
ID00028,Edmundo,Ativo,46+ anos,Branca,Masculino,Fora da MRVP,Graduado(a),IES pública,Graduação STEM,Sem pós,Não publicou,2+ LE,Sem regionalização,Sem internacionalização,01-03 cargos,Sem experiência pública,Sim,Sem experiência TS,Com P1 STEM,Com DP STEM,Sempre foi STEM,Growth,Sem FAP,,,,Não,Sem sócio,EPP,Ativa,"Comércio, reparação de veículos automotores e motocicletas (45-47)"
ID00007,Eduarda,Ativo,31-45 anos,Branca,Feminino,Em MRVP,Doutor(a),IES pública,Graduação STEM,Pós STEM,Publicou,2+ LE,Sem regionalização,Com internacionalização,04-06 cargos,Com experiência pública,Sim,Sem experiência TS,Com P1 STEM,Com DP STEM,Sempre foi STEM,Growth,Sem FAP,,,,Sim,Similar,ME,Ativa,Informação e comunicação (58-63)
ID00043,Elen,Ativo,31-45 anos,Branca,Feminino,Fora da MRVP,Doutor(a),IES pública,Graduação STEM,Pós STEM,Publicou,2+ LE,Sem regionalização,Sem internacionalização,04-06 cargos,Sem experiência pública,Sim,Sem experiência TS,Com P1 STEM,Com DP STEM,Sempre foi STEM,Growth,Com FAP,,,,Não,Sem sócio,MEI,Ativa,"Comércio, reparação de veículos automotores e motocicletas (45-47)"
ID00304,Elias,Ativo,31-45 anos,Branca,Masculino,Fora da MRVP,Mestre(a),IES pública,Graduação não-STEM,Pós não-STEM,Publicou,1 LE,Sem regionalização,Sem internacionalização,01-03 cargos,Sem experiência pública,Sim,Sem experiência TS,Sem P1 STEM,Sem DP STEM,Nunca foi STEM,Growth,Sem FAP,,,,Não,Sem sócio,EPP,Ativa,"Outros (finanças, saúde, construção, artes, agricultura)"
ID00087,Elisa,Ativo,31-45 anos,Branca,Feminino,Em MRVP,Graduado(a),IES privada,Graduação não-STEM,Sem pós,Não publicou,1 LE,Sem regionalização,Sem internacionalização,07-09 cargos,Sem experiência pública,Sim,Com experiência TS,Sem P1 STEM,Sem DP STEM,Nunca foi STEM,Growth,Sem FAP,,,,Não,Sem sócio,EPP,Ativa,Educação (85)
ID00260,Eliseu,Ativo,15-30 anos,Branca,Masculino,Fora da MRVP,Mestre(a),IES pública,Graduação STEM,Pós não-STEM,Não publicou,1 LE,Sem regionalização,Sem internacionalização,01-03 cargos,Sem experiência pública,Sim,Sem experiência TS,Com P1 STEM,Com DP STEM,Sempre foi STEM,Lab,Sem FAP,,,,Sim,Similar,SE,Ativa,Informação e comunicação (58-63)
ID00128,Enzo,Ativo,31-45 anos,PPI,Masculino,Em MRVP,Doutor(a),IES pública,Graduação não-STEM,Pós STEM,Publicou,Sem LE,Sem regionalização,Sem internacionalização,01-03 cargos,Sem experiência pública,Sim,Sem experiência TS,Com P1 STEM,Com DP STEM,Sempre foi STEM,Growth,Com FAP,Sem anjo,Sem fundos,Sem clientes,Não,Sem sócio,EPP,Ativa,"Atividades profissionais, científicas e técnicas (69-75)"
ID00032,Erasmo,Ativo,31-45 anos,Branca,Masculino,Em MRVP,Mestre(a),IES pública,Graduação STEM,Pós STEM,Publicou,1 LE,Sem regionalização,Sem internacionalização,07-09 cargos,Sem experiência pública,Sim,Sem experiência TS,Com P1 STEM,Com DP STEM,Sempre foi STEM,Growth,Sem FAP,,,,Sim,Diverso,ME,Ativa,"Outros (finanças, saúde, construção, artes, agricultura)"
ID00302,Ester,Ativo,31-45 anos,Branca,Feminino,Em MRVP,Graduado(a),IES privada,Graduação não-STEM,Sem pós,Não publicou,1 LE,Sem regionalização,Sem internacionalização,04-06 cargos,Sem experiência pública,Sim,Sem experiência TS,Sem P1 STEM,Sem DP STEM,Nunca foi STEM,Lab,Sem FAP,,,,Sim,Diverso,EPP,Ativa,"Outros (finanças, saúde, construção, artes, agricultura)"
ID00181,Estêvão,Ativo,46+ anos,Branca,Masculino,Fora da MRVP,Graduado(a),IES pública,Graduação STEM,Sem pós,Não publicou,Sem LE,Sem regionalização,Sem internacionalização,04-06 cargos,Sem experiência pública,Sim,Sem experiência TS,Com P1 STEM,Sem DP STEM,Transição STEM,Lab,Sem FAP,,,,Sim,Similar,SE,Inativa,"Atividades profissionais, científicas e técnicas (69-75)"
ID00069,Eusébio,Ativo,15-30 anos,PPI,Masculino,Em MRVP,Graduado(a),IES pública,Graduação STEM,Sem pós,Não publicou,Sem LE,Com regionalização,Sem internacionalização,07-09 cargos,Com experiência pública,Sim,Sem experiência TS,Sem P1 STEM,Com DP STEM,Transição STEM,Lab,Sem FAP,,,,Não,Sem sócio,ME,Ativa,Informação e comunicação (58-63)
ID00002,Ezequiel,Ativo,31-45 anos,Branca,Masculino,Em MRVP,Graduado(a),IES privada,Graduação não-STEM,Sem pós,Não publicou,Sem LE,Sem regionalização,Sem internacionalização,07-09 cargos,Sem experiência pública,Sim,Sem experiência TS,Com P1 STEM,Sem DP STEM,Transição STEM,Growth,Sem FAP,,,,Não,Sem sócio,ME,Ativa,"Atividades profissionais, científicas e técnicas (69-75)"
ID00039,Fábian,Ativo,46+ anos,Branca,Masculino,Fora da MRVP,Doutor(a),IES pública,Graduação STEM,Pós não-STEM,Publicou,1 LE,Com regionalização,Sem internacionalização,07-09 cargos,Sem experiência pública,Sim,Com experiência TS,Com P1 STEM,Com DP STEM,Sempre foi STEM,Growth,Com FAP,Com anjo,,,Sim,Similar,ME,Ativa,Informação e comunicação (58-63)
ID00285,Fabíola,Ativo,46+ anos,Branca,Feminino,Em MRVP,Graduado(a),IES privada,Graduação não-STEM,Sem pós,Não publicou,1 LE,Sem regionalização,Sem internacionalização,01-03 cargos,Sem experiência pública,Sim,Sem experiência TS,Sem P1 STEM,Sem DP STEM,Nunca foi STEM,Lab,Sem FAP,,,,Sim,Diverso,ME,Ativa,Informação e comunicação (58-63)
ID00123,Fagner,Ativo,46+ anos,Branca,Masculino,Fora da MRVP,Doutor(a),IES pública,Graduação STEM,Pós STEM,Publicou,1 LE,Com regionalização,Sem internacionalização,04-06 cargos,Com experiência pública,Sim,Sem experiência TS,Com P1 STEM,Com DP STEM,Sempre foi STEM,Growth,Com FAP,,,,Sim,Similar,ME,Ativa,Informação e comunicação (58-63)
ID00317,Fausto,Ativo,46+ anos,Branca,Masculino,Fora da MRVP,Doutor(a),IES pública,Graduação STEM,Pós STEM,Não publicou,1 LE,Com regionalização,Sem internacionalização,10+ cargos,Com experiência pública,Sim,Sem experiência TS,Com P1 STEM,Com DP STEM,Sempre foi STEM,Lab,Sem FAP,,,,Sim,Diverso,EPP,Ativa,"Atividades profissionais, científicas e técnicas (69-75)"
ID00193,Flávia,Ativo,31-45 anos,Branca,Feminino,Em MRVP,Graduado(a),IES privada,Graduação STEM,Sem pós,Não publicou,Sem LE,Com regionalização,Sem internacionalização,04-06 cargos,Sem experiência pública,Sim,Com experiência TS,Com P1 STEM,Com DP STEM,Sempre foi STEM,Lab,Sem FAP,,,,Não,Sem sócio,MEI,Ativa,Atividades administrativas e serviços complementares
ID00054,Flávio,Ativo,46+ anos,PPI,Masculino,Em MRVP,Doutor(a),IES pública,Graduação STEM,Pós STEM,Publicou,2+ LE,Com regionalização,Sem internacionalização,01-03 cargos,Com experiência pública,Sim,Sem experiência TS,Sem P1 STEM,Com DP STEM,Transição STEM,Growth,Com FAP,,,,Sim,Similar,ME,Ativa,Informação e comunicação (58-63)
ID00350,Florêncio,Ativo,31-45 anos,Branca,Masculino,Em MRVP,Graduado(a),IES privada,Graduação não-STEM,Sem pós,Não publicou,2+ LE,Sem regionalização,Sem internacionalização,01-03 cargos,Sem experiência pública,Sim,Com experiência TS,Sem P1 STEM,Sem DP STEM,Nunca foi STEM,Lab,Sem FAP,,,,Sim,Diverso,ME,Ativa,"Atividades profissionais, científicas e técnicas (69-75)"
ID00333,Floriano,Ativo,46+ anos,PPI,Masculino,Fora da MRVP,Graduado(a),IES privada,Graduação não-STEM,Sem pós,Não publicou,Sem LE,Com regionalização,Sem internacionalização,10+ cargos,Sem experiência pública,Sim,Sem experiência TS,Sem P1 STEM,Sem DP STEM,Nunca foi STEM,Lab,Sem FAP,,,,,,,,Não encontrado
ID00195,Franciele,Ativo,31-45 anos,PPI,Feminino,Fora da MRVP,Graduado(a),IES privada,Graduação não-STEM,Sem pós,Não publicou,Sem LE,Sem regionalização,Sem internacionalização,04-06 cargos,Sem experiência pública,Sim,Sem experiência TS,Sem P1 STEM,Sem DP STEM,Nunca foi STEM,Lab,Sem FAP,Com anjo,Sem fundos,Com clientes,Não,Sem sócio,MEI,Ativa,Educação (85)
ID00129,Frederico,Ativo,46+ anos,Branca,Masculino,Fora da MRVP,Graduado(a),IES pública,Graduação não-STEM,Sem pós,Não publicou,2+ LE,Com regionalização,Sem internacionalização,07-09 cargos,Sem experiência pública,Sim,Com experiência TS,Sem P1 STEM,Com DP STEM,Transição STEM,Lab,Sem FAP,,,,Sim,Diverso,ME,Ativa,Indústria de transformação (10-33)
ID00191,Gaspar,Ativo,31-45 anos,Branca,Masculino,Em MRVP,Graduado(a),IES privada,Graduação não-STEM,Sem pós,Não publicou,2+ LE,Sem regionalização,Sem internacionalização,07-09 cargos,Sem experiência pública,Sim,Sem experiência TS,Sem P1 STEM,Com DP STEM,Transição STEM,Growth,Sem FAP,,,,Não,Sem sócio,ME,Ativa,Informação e comunicação (58-63)
ID00279,Geraldo,Ativo,46+ anos,Branca,Masculino,Em MRVP,Graduado(a),IES privada,Graduação STEM,Sem pós,Não publicou,Sem LE,Sem regionalização,Sem internacionalização,01-03 cargos,Sem experiência pública,Sim,Sem experiência TS,Com P1 STEM,Com DP STEM,Sempre foi STEM,Growth,Sem FAP,,,,Sim,Diverso,ME,Ativa,"Atividades profissionais, científicas e técnicas (69-75)"
ID00108,Getúlio,Ativo,46+ anos,Branca,Masculino,Em MRVP,Mestre(a),IES privada,Graduação não-STEM,Pós STEM,Publicou,2+ LE,Com regionalização,Sem internacionalização,10+ cargos,Com experiência pública,Sim,Sem experiência TS,Sem P1 STEM,Com DP STEM,Transição STEM,Lab,Sem FAP,,,,Não,Sem sócio,ME,Ativa,"Atividades profissionais, científicas e técnicas (69-75)"
ID00218,Gilberto,Ativo,31-45 anos,Branca,Masculino,Em MRVP,Doutor(a),IES pública,Graduação STEM,Pós STEM,Publicou,2+ LE,Com regionalização,Sem internacionalização,07-09 cargos,Com experiência pública,Sim,Sem experiência TS,Sem P1 STEM,Com DP STEM,Transição STEM,Growth,Com FAP,,,,Não,Sem sócio,ME,Inativa,"Atividades profissionais, científicas e técnicas (69-75)"
ID00223,Giovani,Ativo,46+ anos,Branca,Masculino,Fora da MRVP,Mestre(a),IES pública,Graduação STEM,Pós STEM,Não publicou,2+ LE,Com regionalização,Com internacionalização,10+ cargos,Sem experiência pública,Sim,Sem experiência TS,Com P1 STEM,Com DP STEM,Sempre foi STEM,Lab,Sem FAP,Sem anjo,Sem fundos,Com clientes,Não,Sem sócio,ME,Inativa,Indústria de transformação (10-33)
ID00301,Gisele,Ativo,31-45 anos,Branca,Feminino,Em MRVP,Graduado(a),IES privada,Graduação não-STEM,Sem pós,Não publicou,2+ LE,Com regionalização,Com internacionalização,10+ cargos,Com experiência pública,Sim,Sem experiência TS,Com P1 STEM,Com DP STEM,Sempre foi STEM,Lab,Sem FAP,,,,Não,Sem sócio,ME,Ativa,Informação e comunicação (58-63)
ID00038,Graziella,Ativo,31-45 anos,Branca,Feminino,Em MRVP,Doutor(a),IES pública,Graduação STEM,Pós STEM,Não publicou,1 LE,Sem regionalização,Sem internacionalização,10+ cargos,Com experiência pública,Sim,Sem experiência TS,Com P1 STEM,Com DP STEM,Sempre foi STEM,Growth,Com FAP,,,,Sim,Diverso,ME,Inativa,"Atividades profissionais, científicas e técnicas (69-75)"
ID00250,Haroldo,Ativo,15-30 anos,Branca,Masculino,Fora da MRVP,Graduado(a),IES privada,Graduação STEM,Sem pós,Não publicou,2+ LE,Com regionalização,Com internacionalização,10+ cargos,Sem experiência pública,Sim,Com experiência TS,Com P1 STEM,Com DP STEM,Sempre foi STEM,Growth,Sem FAP,,,,Não,Sem sócio,MEI,Ativa,"Atividades profissionais, científicas e técnicas (69-75)"
ID00130,Heitor,Ativo,31-45 anos,Branca,Masculino,Em MRVP,Graduado(a),IES pública,Graduação STEM,Sem pós,Não publicou,1 LE,Sem regionalização,Sem internacionalização,04-06 cargos,Sem experiência pública,Sim,Sem experiência TS,Com P1 STEM,Com DP STEM,Sempre foi STEM,Growth,Sem FAP,,,,Sim,Similar,ME,Ativa,"Atividades profissionais, científicas e técnicas (69-75)"
ID00269,Helena,Ativo,31-45 anos,Branca,Feminino,Em MRVP,Doutor(a),IES pública,Graduação não-STEM,Pós STEM,Publicou,2+ LE,Com regionalização,Com internacionalização,10+ cargos,Com experiência pública,Sim,Sem experiência TS,Com P1 STEM,Com DP STEM,Sempre foi STEM,Growth,Com FAP,,,,Sim,Diverso,EPP,Ativa,Informação e comunicação (58-63)
ID00113,Hélio,Ativo,31-45 anos,Branca,Masculino,Em MRVP,Graduado(a),IES privada,Graduação STEM,Sem pós,Não publicou,1 LE,Sem regionalização,Sem internacionalização,04-06 cargos,Sem experiência pública,Sim,Sem experiência TS,Com P1 STEM,Com DP STEM,Sempre foi STEM,Growth,Sem FAP,,,,Não,Sem sócio,ME,Ativa,Informação e comunicação (58-63)
ID00244,Heloísa,Ativo,31-45 anos,Branca,Feminino,Em MRVP,Mestre(a),IES pública,Graduação não-STEM,Pós STEM,Publicou,2+ LE,Sem regionalização,Sem internacionalização,04-06 cargos,Sem experiência pública,Sim,Com experiência TS,Sem P1 STEM,Com DP STEM,Transição STEM,Lab,Sem FAP,Sem anjo,Sem fundos,,Não,Sem sócio,MEI,Ativa,Educação (85)
ID00264,Hermínio,Ativo,31-45 anos,Branca,Masculino,Fora da MRVP,Graduado(a),IES privada,Graduação STEM,Sem pós,Não publicou,1 LE,Com regionalização,Sem internacionalização,01-03 cargos,Sem experiência pública,Sim,Sem experiência TS,Com P1 STEM,Com DP STEM,Sempre foi STEM,Growth,Sem FAP,,,,Sim,Similar,EPP,Ativa,Informação e comunicação (58-63)
ID00121,Humberto,Ativo,46+ anos,Branca,Masculino,Fora da MRVP,Graduado(a),IES privada,Graduação STEM,Sem pós,Não publicou,1 LE,Sem regionalização,Sem internacionalização,10+ cargos,Sem experiência pública,Sim,Sem experiência TS,Com P1 STEM,Com DP STEM,Sempre foi STEM,Lab,Sem FAP,,,,Não,Sem sócio,EPP,Ativa,Informação e comunicação (58-63)
ID00352,Igor,Ativo,15-30 anos,Branca,Masculino,Fora da MRVP,Graduado(a),IES privada,Graduação STEM,Sem pós,Não publicou,Sem LE,Sem regionalização,Sem internacionalização,04-06 cargos,Sem experiência pública,Sim,Sem experiência TS,Com P1 STEM,Com DP STEM,Sempre foi STEM,Growth,Sem FAP,,,,Sim,Similar,EPP,Ativa,Indústria de transformação (10-33)
ID00131,Isadora,Ativo,15-30 anos,Branca,Feminino,Fora da MRVP,Mestre(a),IES pública,Graduação STEM,Pós STEM,Publicou,2+ LE,Com regionalização,Com internacionalização,04-06 cargos,Sem experiência pública,Sim,Sem experiência TS,Com P1 STEM,Com DP STEM,Sempre foi STEM,Lab,Sem FAP,,,,,,,,Não encontrado
ID00258,Ítalo,Ativo,46+ anos,Branca,Masculino,Em MRVP,Mestre(a),IES pública,Graduação STEM,Pós STEM,Publicou,Sem LE,Sem regionalização,Sem internacionalização,01-03 cargos,Sem experiência pública,Sim,Sem experiência TS,Com P1 STEM,Com DP STEM,Sempre foi STEM,Growth,Sem FAP,,,,Sim,Similar,ME,Ativa,"Atividades profissionais, científicas e técnicas (69-75)"
ID00247,Jader,Ativo,15-30 anos,Branca,Masculino,Fora da MRVP,Graduado(a),IES pública,Graduação STEM,Sem pós,Não publicou,2+ LE,Com regionalização,Sem internacionalização,07-09 cargos,Com experiência pública,Sim,Sem experiência TS,Com P1 STEM,Com DP STEM,Sempre foi STEM,Growth,Sem FAP,,,,Não,Sem sócio,EPP,Ativa,Informação e comunicação (58-63)
ID00236,Jadson,Ativo,31-45 anos,PPI,Masculino,Fora da MRVP,Graduado(a),IES privada,Graduação não-STEM,Sem pós,Não publicou,Sem LE,Sem regionalização,Sem internacionalização,01-03 cargos,Sem experiência pública,Sim,Sem experiência TS,Com P1 STEM,Com DP STEM,Sempre foi STEM,Growth,Sem FAP,Com anjo,Com fundos,,Sim,Similar,ME,Ativa,Indústria de transformação (10-33)
ID00075,Jaime,Ativo,31-45 anos,Branca,Masculino,Em MRVP,Doutor(a),IES pública,Graduação STEM,Pós STEM,Não publicou,1 LE,Com regionalização,Sem internacionalização,10+ cargos,Sem experiência pública,Sim,Sem experiência TS,Com P1 STEM,Com DP STEM,Sempre foi STEM,Growth,Sem FAP,,,,Não,Sem sócio,ME,Inativa,"Comércio, reparação de veículos automotores e motocicletas (45-47)"
ID00011,Jairo,Ativo,31-45 anos,Branca,Masculino,Em MRVP,Mestre(a),IES pública,Graduação STEM,Pós STEM,Não publicou,2+ LE,Com regionalização,Com internacionalização,07-09 cargos,Com experiência pública,Sim,Sem experiência TS,Com P1 STEM,Com DP STEM,Sempre foi STEM,Lab,Sem FAP,,,,Não,Sem sócio,ME,Inativa,Indústria de transformação (10-33)
ID00325,Janaína,Ativo,31-45 anos,Branca,Feminino,Fora da MRVP,Doutor(a),IES privada,Graduação não-STEM,Pós não-STEM,Publicou,1 LE,Sem regionalização,Sem internacionalização,04-06 cargos,Com experiência pública,Sim,Sem experiência TS,Sem P1 STEM,Sem DP STEM,Nunca foi STEM,Lab,Sem FAP,,,,Sim,Diverso,ME,Ativa,Informação e comunicação (58-63)
ID00107,Jean,Ativo,15-30 anos,PPI,Masculino,Em MRVP,Graduado(a),IES privada,Graduação não-STEM,Sem pós,Não publicou,2+ LE,Sem regionalização,Sem internacionalização,04-06 cargos,Sem experiência pública,Sim,Sem experiência TS,Com P1 STEM,Sem DP STEM,Transição STEM,Growth,Sem FAP,,,,Não,Sem sócio,SE,Inativa,Indústria de transformação (10-33)
ID00238,Jefferson,Ativo,15-30 anos,Branca,Masculino,Em MRVP,Graduado(a),IES privada,Graduação não-STEM,Sem pós,Não publicou,1 LE,Sem regionalização,Sem internacionalização,07-09 cargos,Sem experiência pública,Sim,Com experiência TS,Sem P1 STEM,Sem DP STEM,Nunca foi STEM,Growth,Sem FAP,Sem anjo,Com fundos,Com clientes,Sim,Similar,ME,Inativa,Informação e comunicação (58-63)
ID00160,Jerônimo,Ativo,46+ anos,PPI,Masculino,Fora da MRVP,Doutor(a),IES privada,Graduação não-STEM,Pós STEM,Publicou,2+ LE,Sem regionalização,Sem internacionalização,01-03 cargos,Com experiência pública,Sim,Sem experiência TS,Sem P1 STEM,Com DP STEM,Transição STEM,Growth,Sem FAP,,,,Sim,Diverso,ME,Ativa,Indústria de transformação (10-33)
ID00105,Jéssica,Ativo,31-45 anos,PPI,Feminino,Em MRVP,Graduado(a),IES privada,Graduação não-STEM,Sem pós,Não publicou,1 LE,Sem regionalização,Sem internacionalização,01-03 cargos,Sem experiência pública,Sim,Sem experiência TS,Com P1 STEM,Com DP STEM,Sempre foi STEM,Growth,Sem FAP,,,,Não,Sem sócio,ME,Ativa,"Atividades profissionais, científicas e técnicas (69-75)"
ID00135,João Pedro,Ativo,46+ anos,Branca,Masculino,Em MRVP,Graduado(a),IES pública,Graduação STEM,Sem pós,Não publicou,2+ LE,Sem regionalização,Sem internacionalização,01-03 cargos,Sem experiência pública,Sim,Sem experiência TS,Com P1 STEM,Com DP STEM,Sempre foi STEM,Growth,Sem FAP,,,,Sim,Diverso,SE,Ativa,"Atividades profissionais, científicas e técnicas (69-75)"
ID00094,Joel,Ativo,31-45 anos,Branca,Masculino,Em MRVP,Mestre(a),IES privada,Graduação STEM,Pós não-STEM,Publicou,2+ LE,Sem regionalização,Sem internacionalização,10+ cargos,Com experiência pública,Sim,Sem experiência TS,Com P1 STEM,Com DP STEM,Sempre foi STEM,Lab,Sem FAP,,,,Sim,Similar,ME,Ativa,"Atividades profissionais, científicas e técnicas (69-75)"
ID00230,Jonas,Ativo,46+ anos,Branca,Masculino,Em MRVP,Graduado(a),IES pública,Graduação STEM,Pós não-STEM,Não publicou,2+ LE,Sem regionalização,Sem internacionalização,04-06 cargos,Com experiência pública,Sim,Sem experiência TS,Com P1 STEM,Sem DP STEM,Transição STEM,Lab,Sem FAP,,,,Não,Sem sócio,ME,Ativa,"Outros (finanças, saúde, construção, artes, agricultura)"
ID00178,Jônatas,Ativo,46+ anos,Branca,Masculino,Em MRVP,Graduado(a),IES pública,Graduação não-STEM,Sem pós,Não publicou,Sem LE,Sem regionalização,Sem internacionalização,07-09 cargos,Sem experiência pública,Sim,Com experiência TS,Sem P1 STEM,Sem DP STEM,Nunca foi STEM,Growth,Sem FAP,,,,Sim,Diverso,SE,Ativa,"Atividades profissionais, científicas e técnicas (69-75)"
ID00354,Jorge,Ativo,46+ anos,Branca,Masculino,Em MRVP,Graduado(a),IES privada,Graduação não-STEM,Sem pós,Não publicou,Sem LE,Sem regionalização,Sem internacionalização,01-03 cargos,Sem experiência pública,Sim,Sem experiência TS,Sem P1 STEM,Sem DP STEM,Nunca foi STEM,Lab,Sem FAP,,,,Sim,Diverso,ME,Ativa,Informação e comunicação (58-63)
ID00284,Josias,Ativo,46+ anos,Branca,Masculino,Em MRVP,Mestre(a),IES pública,Graduação STEM,Pós STEM,Não publicou,2+ LE,Sem regionalização,Sem internacionalização,07-09 cargos,Sem experiência pública,Sim,Sem experiência TS,Com P1 STEM,Sem DP STEM,Transição STEM,Lab,Sem FAP,,,,Sim,Similar,ME,Ativa,Educação (85)
ID00314,Josué,Ativo,31-45 anos,Branca,Masculino,Em MRVP,Graduado(a),IES pública,Graduação STEM,Sem pós,Não publicou,1 LE,Com regionalização,Sem internacionalização,07-09 cargos,Com experiência pública,Sim,Sem experiência TS,Com P1 STEM,Com DP STEM,Sempre foi STEM,Growth,Sem FAP,,,,Sim,Similar,ME,Ativa,"Atividades profissionais, científicas e técnicas (69-75)"
ID00311,Júlia,Ativo,46+ anos,Branca,Feminino,Fora da MRVP,Graduado(a),IES privada,Graduação STEM,Sem pós,Publicou,2+ LE,Com regionalização,Com internacionalização,04-06 cargos,Sem experiência pública,Sim,Sem experiência TS,Com P1 STEM,Com DP STEM,Sempre foi STEM,Lab,Sem FAP,,,,Não,Sem sócio,MEI,Inativa,"Comércio, reparação de veículos automotores e motocicletas (45-47)"
ID00104,Júlio,Ativo,31-45 anos,Branca,Masculino,Fora da MRVP,Doutor(a),IES privada,Graduação STEM,Pós STEM,Publicou,2+ LE,Sem regionalização,Sem internacionalização,04-06 cargos,Sem experiência pública,Sim,Sem experiência TS,Sem P1 STEM,Sem DP STEM,Nunca foi STEM,Growth,Sem FAP,,,,Não,Sem sócio,MEI,Ativa,"Atividades profissionais, científicas e técnicas (69-75)"
ID00271,Kelvin,Ativo,15-30 anos,Branca,Masculino,Fora da MRVP,Graduado(a),IES pública,Graduação não-STEM,Sem pós,Não publicou,2+ LE,Com regionalização,Sem internacionalização,10+ cargos,Com experiência pública,Sim,Com experiência TS,Sem P1 STEM,Sem DP STEM,Nunca foi STEM,Lab,Sem FAP,,,,Não,Sem sócio,MEI,Ativa,Atividades administrativas e serviços complementares
ID00115,Lauro,Ativo,31-45 anos,Branca,Masculino,Fora da MRVP,Graduado(a),IES privada,Graduação não-STEM,Sem pós,Não publicou,2+ LE,Sem regionalização,Sem internacionalização,07-09 cargos,Sem experiência pública,Sim,Com experiência TS,Sem P1 STEM,Sem DP STEM,Nunca foi STEM,Growth,Sem FAP,,,,Sim,Similar,EPP,Ativa,Educação (85)
ID00192,Leonel,Ativo,31-45 anos,Branca,Masculino,Fora da MRVP,Graduado(a),IES privada,Graduação STEM,Sem pós,Não publicou,1 LE,Sem regionalização,Sem internacionalização,07-09 cargos,Sem experiência pública,Sim,Sem experiência TS,Com P1 STEM,Sem DP STEM,Transição STEM,Growth,Sem FAP,,,,Sim,Similar,ME,Ativa,Informação e comunicação (58-63)
ID00081,Letícia,Ativo,31-45 anos,Branca,Feminino,Fora da MRVP,Graduado(a),IES pública,Graduação STEM,Sem pós,Não publicou,2+ LE,Com regionalização,Sem internacionalização,07-09 cargos,Com experiência pública,Sim,Sem experiência TS,Com P1 STEM,Sem DP STEM,Transição STEM,Growth,Sem FAP,,,,Sim,Diverso,ME,Ativa,Informação e comunicação (58-63)
ID00273,Livio,Ativo,31-45 anos,Branca,Masculino,Em MRVP,Graduado(a),IES privada,Graduação STEM,Pós não-STEM,Não publicou,2+ LE,Sem regionalização,Sem internacionalização,04-06 cargos,Sem experiência pública,Sim,Sem experiência TS,Com P1 STEM,Com DP STEM,Sempre foi STEM,Lab,Sem FAP,,,,Sim,Similar,ME,Ativa,Indústria de transformação (10-33)
ID00042,Lorena,Ativo,46+ anos,Branca,Feminino,Fora da MRVP,Graduado(a),IES privada,Graduação não-STEM,Sem pós,Não publicou,1 LE,Sem regionalização,Sem internacionalização,01-03 cargos,Sem experiência pública,Sim,Sem experiência TS,Sem P1 STEM,Sem DP STEM,Nunca foi STEM,Growth,Sem FAP,,,,Sim,Diverso,ME,Ativa,Informação e comunicação (58-63)
ID00037,Lourenço,Ativo,31-45 anos,Branca,Masculino,Em MRVP,Graduado(a),IES pública,Graduação não-STEM,Sem pós,Não publicou,2+ LE,Com regionalização,Sem internacionalização,10+ cargos,Sem experiência pública,Sim,Com experiência TS,Sem P1 STEM,Sem DP STEM,Nunca foi STEM,Growth,Sem FAP,,,,Não,Sem sócio,ME,Ativa,"Atividades profissionais, científicas e técnicas (69-75)"
ID00137,Luan,Ativo,46+ anos,Branca,Masculino,Fora da MRVP,Graduado(a),IES privada,Graduação STEM,Sem pós,Não publicou,1 LE,Com regionalização,Sem internacionalização,07-09 cargos,Com experiência pública,Sim,Sem experiência TS,Com P1 STEM,Com DP STEM,Sempre foi STEM,Lab,Sem FAP,,,,Sim,Similar,SE,Ativa,"Outros (finanças, saúde, construção, artes, agricultura)"
ID00144,Manuela,Ativo,46+ anos,Branca,Feminino,Fora da MRVP,Doutor(a),IES pública,Graduação STEM,Pós não-STEM,Publicou,2+ LE,Sem regionalização,Sem internacionalização,10+ cargos,Com experiência pública,Sim,Com experiência TS,Sem P1 STEM,Sem DP STEM,Nunca foi STEM,Growth,Sem FAP,,,,Sim,Diverso,ME,Ativa,Educação (85)
ID00085,Marina,Ativo,46+ anos,Branca,Feminino,Em MRVP,Graduado(a),IES pública,Graduação não-STEM,Sem pós,Não publicou,2+ LE,Com regionalização,Com internacionalização,04-06 cargos,Com experiência pública,Sim,Sem experiência TS,Sem P1 STEM,Com DP STEM,Transição STEM,Growth,Sem FAP,Sem anjo,Sem fundos,Com clientes,Não,Sem sócio,ME,Ativa,"Atividades profissionais, científicas e técnicas (69-75)"
ID00022,Melissa,Ativo,15-30 anos,Branca,Feminino,Em MRVP,Mestre(a),IES pública,Graduação STEM,Pós STEM,Não publicou,2+ LE,Sem regionalização,Sem internacionalização,01-03 cargos,Sem experiência pública,Sim,Sem experiência TS,Com P1 STEM,Com DP STEM,Sempre foi STEM,Growth,Com FAP,,,,Sim,Diverso,ME,Ativa,Informação e comunicação (58-63)
ID00275,Miguel,Ativo,31-45 anos,Branca,Masculino,Fora da MRVP,Graduado(a),IES pública,Graduação não-STEM,Sem pós,Não publicou,2+ LE,Sem regionalização,Com internacionalização,04-06 cargos,Com experiência pública,Sim,Sem experiência TS,Sem P1 STEM,Sem DP STEM,Nunca foi STEM,Growth,Sem FAP,,,,Não,Sem sócio,ME,Ativa,"Outros (finanças, saúde, construção, artes, agricultura)"
ID00348,Moisés,Ativo,15-30 anos,PPI,Masculino,Fora da MRVP,Graduado(a),IES pública,Graduação STEM,Sem pós,Não publicou,1 LE,Sem regionalização,Sem internacionalização,04-06 cargos,Com experiência pública,Sim,Sem experiência TS,Com P1 STEM,Com DP STEM,Sempre foi STEM,Growth,Sem FAP,,,,Sim,Similar,ME,Ativa,Informação e comunicação (58-63)
ID00139,Murilo,Ativo,15-30 anos,Branca,Masculino,Fora da MRVP,Graduado(a),IES privada,Graduação não-STEM,Sem pós,Não publicou,2+ LE,Sem regionalização,Com internacionalização,07-09 cargos,Sem experiência pública,Sim,Sem experiência TS,Sem P1 STEM,Sem DP STEM,Nunca foi STEM,Growth,Sem FAP,,,,Sim,Diverso,ME,Ativa,"Atividades profissionais, científicas e técnicas (69-75)"
ID00225,Natan,Ativo,46+ anos,Branca,Masculino,Em MRVP,Graduado(a),IES privada,Graduação não-STEM,Sem pós,Não publicou,1 LE,Com regionalização,Sem internacionalização,07-09 cargos,Sem experiência pública,Sim,Sem experiência TS,Sem P1 STEM,Sem DP STEM,Nunca foi STEM,Growth,Sem FAP,,,,Sim,Diverso,ME,Ativa,Educação (85)
ID00155,Nicole,Ativo,46+ anos,Branca,Feminino,Em MRVP,Graduado(a),IES pública,Graduação não-STEM,Sem pós,Não publicou,Sem LE,Sem regionalização,Sem internacionalização,01-03 cargos,Com experiência pública,Sim,Sem experiência TS,Sem P1 STEM,Sem DP STEM,Nunca foi STEM,Lab,Sem FAP,,,,Sim,Similar,ME,Ativa,Educação (85)
ID00162,Norberto,Ativo,46+ anos,Branca,Masculino,Em MRVP,Graduado(a),IES pública,Graduação não-STEM,Sem pós,Não publicou,2+ LE,Sem regionalização,Sem internacionalização,10+ cargos,Sem experiência pública,Sim,Sem experiência TS,Sem P1 STEM,Sem DP STEM,Nunca foi STEM,Lab,Sem FAP,,,,Sim,Diverso,ME,Ativa,Indústria de transformação (10-33)
ID00206,Olívia,Ativo,15-30 anos,Branca,Feminino,Fora da MRVP,Graduado(a),IES pública,Graduação STEM,Sem pós,Não publicou,1 LE,Sem regionalização,Sem internacionalização,04-06 cargos,Sem experiência pública,Sim,Sem experiência TS,Com P1 STEM,Com DP STEM,Sempre foi STEM,Growth,Sem FAP,,,,Sim,Similar,SE,Ativa,"Outros (finanças, saúde, construção, artes, agricultura)"
ID00308,Orestes,Ativo,15-30 anos,PPI,Masculino,Fora da MRVP,Graduado(a),IES pública,Graduação STEM,Sem pós,Não publicou,1 LE,Sem regionalização,Sem internacionalização,07-09 cargos,Com experiência pública,Sim,Sem experiência TS,Com P1 STEM,Com DP STEM,Sempre foi STEM,Lab,Sem FAP,,Com fundos,,Sim,Similar,ME,Ativa,"Atividades profissionais, científicas e técnicas (69-75)"
ID00062,Orlando,Ativo,31-45 anos,Branca,Masculino,Em MRVP,Doutor(a),IES pública,Graduação STEM,Pós STEM,Publicou,1 LE,Com regionalização,Sem internacionalização,10+ cargos,Com experiência pública,Sim,Sem experiência TS,Com P1 STEM,Com DP STEM,Sempre foi STEM,Growth,Com FAP,,,,Sim,Similar,ME,Ativa,Informação e comunicação (58-63)
ID00307,Osmar,Ativo,15-30 anos,Branca,Masculino,Fora da MRVP,Graduado(a),IES privada,Graduação STEM,Sem pós,Não publicou,2+ LE,Sem regionalização,Sem internacionalização,07-09 cargos,Sem experiência pública,Sim,Sem experiência TS,Com P1 STEM,Com DP STEM,Sempre foi STEM,Lab,Sem FAP,,,,,,,,Não encontrado
ID00239,Osvaldo,Ativo,46+ anos,PPI,Masculino,Em MRVP,Doutor(a),IES pública,Graduação não-STEM,Pós STEM,Publicou,2+ LE,Com regionalização,Com internacionalização,04-06 cargos,Com experiência pública,Sim,Sem experiência TS,Com P1 STEM,Com DP STEM,Sempre foi STEM,Growth,Sem FAP,Sem anjo,Sem fundos,,Não,Sem sócio,ME,Ativa,Informação e comunicação (58-63)
ID00140,Otávio,Ativo,31-45 anos,Branca,Masculino,Em MRVP,Mestre(a),IES pública,Graduação não-STEM,Pós STEM,Não publicou,2+ LE,Com regionalização,Sem internacionalização,10+ cargos,Sem experiência pública,Sim,Sem experiência TS,Sem P1 STEM,Com DP STEM,Transição STEM,Growth,Sem FAP,,,,Não,Sem sócio,ME,Ativa,"Atividades profissionais, científicas e técnicas (69-75)"
ID00141,Pablo,Ativo,31-45 anos,Branca,Masculino,Fora da MRVP,Graduado(a),IES privada,Graduação STEM,Sem pós,Não publicou,2+ LE,Sem regionalização,Com internacionalização,10+ cargos,Sem experiência pública,Sim,Sem experiência TS,Com P1 STEM,Com DP STEM,Sempre foi STEM,Growth,Sem FAP,,,,Não,Sem sócio,EPP,Inativa,Atividades administrativas e serviços complementares
ID00267,Patrícia,Ativo,31-45 anos,Branca,Feminino,Fora da MRVP,Doutor(a),IES pública,Graduação não-STEM,Pós STEM,Publicou,1 LE,Sem regionalização,Com internacionalização,01-03 cargos,Com experiência pública,Sim,Sem experiência TS,Sem P1 STEM,Sem DP STEM,Nunca foi STEM,Growth,Sem FAP,,,,Não,Sem sócio,ME,Inativa,"Atividades profissionais, científicas e técnicas (69-75)"
ID00312,Priscila,Ativo,15-30 anos,Branca,Feminino,Fora da MRVP,Graduado(a),IES privada,Graduação STEM,Sem pós,Não publicou,Sem LE,Sem regionalização,Sem internacionalização,04-06 cargos,Com experiência pública,Sim,Sem experiência TS,Sem P1 STEM,Sem DP STEM,Nunca foi STEM,Lab,Sem FAP,,,,Sim,Diverso,EPP,Ativa,"Atividades profissionais, científicas e técnicas (69-75)"
ID00322,Raul,Ativo,31-45 anos,Branca,Masculino,Em MRVP,Doutor(a),IES pública,Graduação STEM,Pós STEM,Publicou,2+ LE,Sem regionalização,Sem internacionalização,01-03 cargos,Com experiência pública,Sim,Sem experiência TS,Com P1 STEM,Com DP STEM,Sempre foi STEM,Lab,Sem FAP,Sem anjo,Sem fundos,Com clientes,,,,,Indústria de transformação (10-33)
ID00124,Reginaldo,Ativo,31-45 anos,PPI,Masculino,Fora da MRVP,Graduado(a),IES privada,Graduação não-STEM,Pós não-STEM,Não publicou,1 LE,Sem regionalização,Com internacionalização,10+ cargos,Sem experiência pública,Sim,Sem experiência TS,Sem P1 STEM,Com DP STEM,Transição STEM,Growth,Sem FAP,,,,,,,,Não encontrado
ID00251,Régis,Ativo,31-45 anos,Branca,Masculino,Fora da MRVP,Mestre(a),IES pública,Graduação STEM,Pós STEM,Não publicou,1 LE,Com regionalização,Sem internacionalização,07-09 cargos,Com experiência pública,Sim,Sem experiência TS,Com P1 STEM,Com DP STEM,Sempre foi STEM,Growth,Com FAP,,,,Sim,Similar,ME,Ativa,"Atividades profissionais, científicas e técnicas (69-75)"
ID00296,Renato,Ativo,15-30 anos,Branca,Masculino,Fora da MRVP,Graduado(a),IES privada,Graduação não-STEM,Sem pós,Não publicou,1 LE,Sem regionalização,Sem internacionalização,01-03 cargos,Sem experiência pública,Sim,Com experiência TS,Com P1 STEM,Com DP STEM,Sempre foi STEM,Growth,Sem FAP,,,,Sim,Similar,ME,Ativa,Educação (85)
ID00021,Ricardo,Ativo,46+ anos,Branca,Masculino,Em MRVP,Mestre(a),IES pública,Graduação não-STEM,Pós não-STEM,Publicou,1 LE,Sem regionalização,Sem internacionalização,07-09 cargos,Com experiência pública,Sim,Sem experiência TS,Sem P1 STEM,Sem DP STEM,Nunca foi STEM,Growth,Sem FAP,,,,Sim,Similar,ME,Ativa,Educação (85)
ID00338,Rivaldo,Ativo,46+ anos,Branca,Masculino,Em MRVP,Graduado(a),IES privada,Graduação não-STEM,Sem pós,Não publicou,Sem LE,Sem regionalização,Sem internacionalização,01-03 cargos,Sem experiência pública,Sim,Sem experiência TS,Sem P1 STEM,Sem DP STEM,Nunca foi STEM,Lab,Sem FAP,,,,Não,Sem sócio,ME,Inativa,"Comércio, reparação de veículos automotores e motocicletas (45-47)"
ID00044,Robson,Ativo,31-45 anos,Branca,Masculino,Em MRVP,Graduado(a),IES pública,Graduação STEM,Sem pós,Não publicou,2+ LE,Sem regionalização,Com internacionalização,01-03 cargos,Sem experiência pública,Sim,Sem experiência TS,Com P1 STEM,Com DP STEM,Sempre foi STEM,Lab,Sem FAP,,,,Não,Sem sócio,ME,Inativa,Indústria de transformação (10-33)
ID00198,Rodolfo,Ativo,46+ anos,Branca,Masculino,Em MRVP,Mestre(a),IES pública,Graduação STEM,Pós STEM,Não publicou,2+ LE,Com regionalização,Sem internacionalização,07-09 cargos,Sem experiência pública,Sim,Sem experiência TS,Com P1 STEM,Com DP STEM,Sempre foi STEM,Lab,Sem FAP,,,,Não,Sem sócio,MEI,Inativa,Educação (85)
ID00031,Romeu,Ativo,46+ anos,Branca,Masculino,Em MRVP,Graduado(a),IES privada,Graduação STEM,Sem pós,Não publicou,Sem LE,Sem regionalização,Sem internacionalização,10+ cargos,Sem experiência pública,Sim,Com experiência TS,Sem P1 STEM,Com DP STEM,Transição STEM,Growth,Sem FAP,,,,Sim,Similar,EPP,Ativa,Informação e comunicação (58-63)
ID00335,Rômulo,Ativo,46+ anos,Branca,Masculino,Fora da MRVP,Graduado(a),IES privada,Graduação STEM,Sem pós,Não publicou,2+ LE,Sem regionalização,Sem internacionalização,07-09 cargos,Sem experiência pública,Sim,Sem experiência TS,Com P1 STEM,Com DP STEM,Sempre foi STEM,Lab,Sem FAP,,,,Sim,Similar,EPP,Ativa,"Comércio, reparação de veículos automotores e motocicletas (45-47)"
ID00210,Rui,Ativo,15-30 anos,Branca,Masculino,Em MRVP,Doutor(a),IES pública,Graduação STEM,Pós STEM,Publicou,2+ LE,Com regionalização,Com internacionalização,07-09 cargos,Com experiência pública,Sim,Sem experiência TS,Com P1 STEM,Com DP STEM,Sempre foi STEM,Growth,Sem FAP,Com anjo,Com fundos,Com clientes,Sim,Similar,EPP,Ativa,"Atividades profissionais, científicas e técnicas (69-75)"
ID00158,Sabrina,Ativo,31-45 anos,Branca,Feminino,Fora da MRVP,Graduado(a),IES pública,Graduação não-STEM,Sem pós,Não publicou,Sem LE,Sem regionalização,Sem internacionalização,01-03 cargos,Sem experiência pública,Sim,Sem experiência TS,Sem P1 STEM,Sem DP STEM,Nunca foi STEM,Growth,Sem FAP,,,,Sim,Similar,ME,Ativa,Atividades administrativas e serviços complementares
ID00159,Samara,Ativo,46+ anos,Branca,Feminino,Fora da MRVP,Graduado(a),IES privada,Graduação não-STEM,Sem pós,Não publicou,1 LE,Sem regionalização,Sem internacionalização,01-03 cargos,Com experiência pública,Sim,Sem experiência TS,Sem P1 STEM,Sem DP STEM,Nunca foi STEM,Lab,Sem FAP,,,,Sim,Similar,EPP,Ativa,"Atividades profissionais, científicas e técnicas (69-75)"
ID00323,Samuel,Ativo,46+ anos,Branca,Masculino,Em MRVP,Doutor(a),IES pública,Graduação não-STEM,Pós não-STEM,Publicou,1 LE,Sem regionalização,Sem internacionalização,01-03 cargos,Com experiência pública,Sim,Sem experiência TS,Sem P1 STEM,Sem DP STEM,Nunca foi STEM,Lab,Sem FAP,,,,Não,Sem sócio,EPP,Ativa,"Outros (finanças, saúde, construção, artes, agricultura)"
ID00045,Sandro,Ativo,31-45 anos,Branca,Masculino,Em MRVP,Doutor(a),IES pública,Graduação STEM,Pós STEM,Publicou,1 LE,Sem regionalização,Sem internacionalização,01-03 cargos,Sem experiência pública,Sim,Sem experiência TS,Com P1 STEM,Com DP STEM,Sempre foi STEM,Growth,Sem FAP,,,,Sim,Similar,ME,Ativa,Atividades administrativas e serviços complementares
ID00165,Sara,Ativo,31-45 anos,Branca,Feminino,Em MRVP,Graduado(a),IES pública,Graduação não-STEM,Sem pós,Não publicou,2+ LE,Sem regionalização,Sem internacionalização,01-03 cargos,Sem experiência pública,Sim,Com experiência TS,Sem P1 STEM,Sem DP STEM,Nunca foi STEM,Growth,Sem FAP,,,,Não,Sem sócio,ME,Inativa,"Atividades profissionais, científicas e técnicas (69-75)"
ID00342,Saulo,Ativo,46+ anos,Branca,Masculino,Fora da MRVP,Graduado(a),IES privada,Graduação STEM,Sem pós,Não publicou,1 LE,Com regionalização,Sem internacionalização,07-09 cargos,Sem experiência pública,Sim,Sem experiência TS,Sem P1 STEM,Sem DP STEM,Nunca foi STEM,Lab,Sem FAP,,,,Não,Sem sócio,ME,Ativa,Indústria de transformação (10-33)
ID00082,Sávio,Ativo,46+ anos,Branca,Masculino,Fora da MRVP,Graduado(a),IES privada,Graduação não-STEM,Sem pós,Não publicou,2+ LE,Com regionalização,Com internacionalização,10+ cargos,Sem experiência pública,Sim,Sem experiência TS,Com P1 STEM,Com DP STEM,Sempre foi STEM,Growth,Sem FAP,,,,Sim,Similar,SE,Ativa,Informação e comunicação (58-63)
ID00109,Sebastião,Ativo,15-30 anos,Branca,Masculino,Fora da MRVP,Graduado(a),IES pública,Graduação STEM,Sem pós,Não publicou,Sem LE,Sem regionalização,Sem internacionalização,04-06 cargos,Sem experiência pública,Sim,Sem experiência TS,Com P1 STEM,Com DP STEM,Sempre foi STEM,Growth,Sem FAP,,,,,,,,Não encontrado
ID00076,Serafim,Ativo,31-45 anos,Branca,Masculino,Em MRVP,Graduado(a),IES privada,Graduação não-STEM,Sem pós,Não publicou,1 LE,Sem regionalização,Sem internacionalização,04-06 cargos,Sem experiência pública,Sim,Sem experiência TS,Sem P1 STEM,Sem DP STEM,Nunca foi STEM,Growth,Sem FAP,,,,Não,Sem sócio,ME,Ativa,Informação e comunicação (58-63)
ID00212,Severino,Ativo,31-45 anos,Branca,Masculino,Fora da MRVP,Mestre(a),IES pública,Graduação não-STEM,Pós não-STEM,Não publicou,2+ LE,Com regionalização,Sem internacionalização,10+ cargos,Sem experiência pública,Sim,Com experiência TS,Com P1 STEM,Com DP STEM,Sempre foi STEM,Growth,Sem FAP,,,,Sim,Similar,SE,Ativa,"Outros (finanças, saúde, construção, artes, agricultura)"
ID00058,Silas,Ativo,15-30 anos,PPI,Masculino,Em MRVP,Graduado(a),IES pública,Graduação não-STEM,Sem pós,Não publicou,1 LE,Sem regionalização,Sem internacionalização,10+ cargos,Com experiência pública,Sim,Sem experiência TS,Sem P1 STEM,Sem DP STEM,Nunca foi STEM,Growth,Sem FAP,,,,Não,Sem sócio,ME,Ativa,Informação e comunicação (58-63)
ID00329,Sofia,Ativo,31-45 anos,PPI,Feminino,Em MRVP,Mestre(a),IES privada,Graduação não-STEM,Pós STEM,Não publicou,1 LE,Com regionalização,Sem internacionalização,07-09 cargos,Sem experiência pública,Sim,Com experiência TS,Sem P1 STEM,Sem DP STEM,Nunca foi STEM,Lab,Sem FAP,,,,Não,Sem sócio,ME,Ativa,"Outros (finanças, saúde, construção, artes, agricultura)"
ID00116,Tadeu,Ativo,46+ anos,PPI,Masculino,Em MRVP,Mestre(a),IES pública,Graduação STEM,Pós STEM,Não publicou,1 LE,Sem regionalização,Sem internacionalização,01-03 cargos,Sem experiência pública,Sim,Sem experiência TS,Com P1 STEM,Com DP STEM,Sempre foi STEM,Growth,Sem FAP,,,,Sim,Diverso,EPP,Ativa,"Atividades profissionais, científicas e técnicas (69-75)"
ID00112,Tatiane,Ativo,46+ anos,Branca,Feminino,Fora da MRVP,Graduado(a),IES privada,Graduação não-STEM,Sem pós,Não publicou,Sem LE,Com regionalização,Sem internacionalização,10+ cargos,Sem experiência pública,Sim,Com experiência TS,Sem P1 STEM,Sem DP STEM,Nunca foi STEM,Growth,Sem FAP,,,,Não,Sem sócio,ME,Ativa,"Atividades profissionais, científicas e técnicas (69-75)"
ID00125,Timóteo,Ativo,46+ anos,PPI,Masculino,Em MRVP,Graduado(a),IES privada,Graduação STEM,Sem pós,Não publicou,1 LE,Sem regionalização,Sem internacionalização,01-03 cargos,Sem experiência pública,Sim,Sem experiência TS,Com P1 STEM,Com DP STEM,Sempre foi STEM,Growth,Sem FAP,,,,Não,Sem sócio,ME,Inativa,Educação (85)
ID00034,Ulisses,Ativo,31-45 anos,Branca,Masculino,Em MRVP,Graduado(a),IES privada,Graduação STEM,Sem pós,Não publicou,1 LE,Sem regionalização,Sem internacionalização,04-06 cargos,Com experiência pública,Sim,Sem experiência TS,Com P1 STEM,Sem DP STEM,Transição STEM,Growth,Com FAP,,,,Não,Sem sócio,SE,Ativa,"Comércio, reparação de veículos automotores e motocicletas (45-47)"
ID00360,Valdir,Ativo,31-45 anos,Branca,Masculino,Em MRVP,Graduado(a),IES privada,Graduação não-STEM,Sem pós,Não publicou,2+ LE,Sem regionalização,Sem internacionalização,07-09 cargos,Com experiência pública,Sim,Sem experiência TS,Com P1 STEM,Sem DP STEM,Transição STEM,Growth,Sem FAP,,,,Sim,Similar,SE,Ativa,Informação e comunicação (58-63)
ID00172,Vanessa,Ativo,46+ anos,Branca,Feminino,Em MRVP,Graduado(a),IES pública,Graduação não-STEM,Sem pós,Não publicou,1 LE,Sem regionalização,Sem internacionalização,04-06 cargos,Sem experiência pública,Sim,Com experiência TS,Sem P1 STEM,Sem DP STEM,Nunca foi STEM,Lab,Sem FAP,,,,,,,,Não encontrado
ID00207,Vânia,Ativo,46+ anos,Branca,Feminino,Fora da MRVP,Graduado(a),IES privada,Graduação não-STEM,Sem pós,Não publicou,1 LE,Sem regionalização,Sem internacionalização,10+ cargos,Sem experiência pública,Sim,Com experiência TS,Sem P1 STEM,Sem DP STEM,Nunca foi STEM,Lab,Sem FAP,,,,Não,Sem sócio,ME,Ativa,Educação (85)
ID00219,Vera,Ativo,46+ anos,Branca,Feminino,Fora da MRVP,Graduado(a),IES privada,Graduação não-STEM,Pós não-STEM,Não publicou,1 LE,Com regionalização,Sem internacionalização,07-09 cargos,Sem experiência pública,Sim,Sem experiência TS,Sem P1 STEM,Com DP STEM,Transição STEM,Growth,Sem FAP,,,,Não,Sem sócio,ME,Inativa,Atividades administrativas e serviços complementares
ID00169,Vicente,Ativo,46+ anos,Branca,Masculino,Fora da MRVP,Graduado(a),IES pública,Graduação não-STEM,Sem pós,Não publicou,2+ LE,Com regionalização,Com internacionalização,04-06 cargos,Sem experiência pública,Sim,Com experiência TS,Sem P1 STEM,Com DP STEM,Transição STEM,Lab,Sem FAP,,,,Sim,Similar,ME,Ativa,"Atividades profissionais, científicas e técnicas (69-75)"
ID00051,Vinícius,Ativo,31-45 anos,Branca,Masculino,Fora da MRVP,Graduado(a),IES pública,Graduação STEM,Sem pós,Não publicou,2+ LE,Com regionalização,Com internacionalização,10+ cargos,Com experiência pública,Sim,Sem experiência TS,Com P1 STEM,Com DP STEM,Sempre foi STEM,Growth,Sem FAP,,,,,,,,Não encontrado
ID00196,Virgílio,Ativo,31-45 anos,Branca,Masculino,Fora da MRVP,Graduado(a),IES privada,Graduação STEM,Sem pós,Não publicou,1 LE,Sem regionalização,Sem internacionalização,04-06 cargos,Com experiência pública,Sim,Sem experiência TS,Com P1 STEM,Com DP STEM,Sempre foi STEM,Growth,Sem FAP,,,,Não,Sem sócio,MEI,Ativa,Atividades administrativas e serviços complementares
ID00079,Wesley,Ativo,46+ anos,PPI,Masculino,Em MRVP,Doutor(a),IES pública,Graduação STEM,Pós STEM,Não publicou,2+ LE,Com regionalização,Com internacionalização,07-09 cargos,Com experiência pública,Sim,Sem experiência TS,Com P1 STEM,Com DP STEM,Sempre foi STEM,Lab,Sem FAP,,,,Não,Sem sócio,ME,Ativa,Informação e comunicação (58-63)
ID00060,Wilian,Ativo,46+ anos,Branca,Masculino,Fora da MRVP,Graduado(a),IES pública,Graduação não-STEM,Pós não-STEM,Não publicou,1 LE,Com regionalização,Sem internacionalização,01-03 cargos,Com experiência pública,Sim,Sem experiência TS,Sem P1 STEM,Sem DP STEM,Nunca foi STEM,Lab,Sem FAP,,,,Sim,Diverso,EPP,Ativa,"Outros (finanças, saúde, construção, artes, agricultura)"
ID00248,Wilmar,Ativo,31-45 anos,Branca,Masculino,Em MRVP,Doutor(a),IES pública,Graduação não-STEM,Pós não-STEM,Publicou,2+ LE,Sem regionalização,Sem internacionalização,04-06 cargos,Sem experiência pública,Sim,Sem experiência TS,Sem P1 STEM,Com DP STEM,Transição STEM,Lab,Com FAP,,,,Não,Sem sócio,MEI,Ativa,Informação e comunicação (58-63)
ID00126,Yago,Ativo,46+ anos,Branca,Masculino,Em MRVP,Graduado(a),IES privada,Graduação não-STEM,Sem pós,Não publicou,1 LE,Com regionalização,Sem internacionalização,01-03 cargos,Sem experiência pública,Sim,Com experiência TS,Sem P1 STEM,Sem DP STEM,Nunca foi STEM,Growth,Com FAP,,,,Sim,Diverso,ME,Ativa,Informação e comunicação (58-63)
ID00255,Yasmin,Ativo,31-45 anos,Branca,Feminino,Em MRVP,Doutor(a),IES pública,Graduação STEM,Pós STEM,Publicou,2+ LE,Com regionalização,Com internacionalização,07-09 cargos,Com experiência pública,Sim,Com experiência TS,Com P1 STEM,Com DP STEM,Sempre foi STEM,Growth,Sem FAP,,,,Sim,Diverso,ME,Ativa,Informação e comunicação (58-63)
ID00272,Yuri,Ativo,46+ anos,PPI,Masculino,Fora da MRVP,Graduado(a),IES privada,Graduação não-STEM,Sem pós,Não publicou,1 LE,Sem regionalização,Sem internacionalização,04-06 cargos,Sem experiência pública,Sim,Sem experiência TS,Sem P1 STEM,Sem DP STEM,Nunca foi STEM,Lab,Sem FAP,,,,Sim,Diverso,SE,Inativa,"Comércio, reparação de veículos automotores e motocicletas (45-47)"
